{
    "_attr_tau": [
        "line_status",
        "topo_vect"
    ],
    "_attr_x": [
        "prod_p",
        "prod_v",
        "load_p",
        "load_q"
    ],
    "_attr_y": [
        "a_or",
        "a_ex"
    ],
    "_m_tau": [
        1.0,
        [
            0.9458199739456177,
            0.9447000026702881,
            1.0,
            0.9458199739456177,
            1.159600019454956,
            0.7414799928665161,
            1.1598399877548218,
            1.0,
            1.0,
            0.9434199929237366,
            0.9435999989509583,
            1.0,
            1.0,
            0.9577699899673462,
            0.9435999989509583,
            0.9410600066184998,
            1.1605000495910645,
            0.9415799975395203,
            1.2220100164413452,
            0.9447000026702881,
            0.9430599808692932,
            1.1570500135421753,
            1.1579500436782837,
            1.2217999696731567,
            0.9430599808692932,
            0.9423400163650513,
            0.9433000087738037,
            0.9418399930000305,
            1.0,
            1.0,
            1.0,
            0.9442600011825562,
            1.0,
            0.9415000081062317,
            1.0,
            1.0,
            1.1597900390625,
            0.944320023059845,
            0.9415799975395203,
            1.1583800315856934,
            1.2226899862289429,
            0.9424999952316284,
            0.9434199929237366,
            1.0,
            0.9430599808692932,
            0.9434199929237366,
            1.0,
            0.9423400163650513,
            0.9440000057220459,
            1.0,
            0.9433000087738037,
            0.9440000057220459,
            0.9430599808692932,
            1.0,
            0.944320023059845,
            0.9430599808692932,
            1.0
        ]
    ],
    "_m_x": [
        [
            69.14263153076172,
            67.67912292480469,
            21.651962280273438,
            4.836914539337158,
            2.7590677738189697,
            68.17033386230469
        ],
        [
            142.01736450195312,
            142.01736450195312,
            22.0,
            22.0,
            13.203238487243652,
            142.01736450195312
        ],
        [
            20.01320457458496,
            82.13738250732422,
            42.073936462402344,
            6.613509178161621,
            10.731730461120605,
            26.21140480041504,
            7.951138019561768,
            3.2512619495391846,
            5.129970550537109,
            11.3890962600708,
            13.870179176330566
        ],
        [
            14.009090423583984,
            57.49701690673828,
            29.45330238342285,
            4.629416465759277,
            7.511948585510254,
            18.347816467285156,
            5.5659027099609375,
            2.275543212890625,
            3.590369701385498,
            7.972472667694092,
            9.70949649810791
        ]
    ],
    "_m_y": [
        0.0,
        0.0
    ],
    "_sd_tau": [
        -1.0,
        [
            0.42469143867492676,
            0.4279358386993408,
            0.10000000149011612,
            0.42469143867492676,
            0.6512421369552612,
            0.7709749937057495,
            0.6523687243461609,
            0.10000000149011612,
            0.10000000149011612,
            0.4316002130508423,
            0.4310876429080963,
            0.10000000149011612,
            0.10000000149011612,
            0.9553050398826599,
            0.4310876429080963,
            0.4382396638393402,
            0.6495086550712585,
            0.4367893934249878,
            0.5155978202819824,
            0.4279358386993408,
            0.43262267112731934,
            0.6560623645782471,
            0.6545104384422302,
            0.515457272529602,
            0.43262267112731934,
            0.4346570074558258,
            0.431941419839859,
            0.4360616207122803,
            0.10000000149011612,
            0.10000000149011612,
            0.10000000149011612,
            0.4292006194591522,
            0.10000000149011612,
            0.4370129704475403,
            0.10000000149011612,
            0.10000000149011612,
            0.653856635093689,
            0.4290284812450409,
            0.4367893934249878,
            0.6556940078735352,
            0.5160518884658813,
            0.43420612812042236,
            0.4316002130508423,
            0.10000000149011612,
            0.43262267112731934,
            0.4316002130508423,
            0.10000000149011612,
            0.4346570074558258,
            0.4299454391002655,
            0.10000000149011612,
            0.431941419839859,
            0.4299454391002655,
            0.43262267112731934,
            0.10000000149011612,
            0.4290284812450409,
            0.43262267112731934,
            0.10000000149011612
        ]
    ],
    "_sd_x": [
        [
            7.6135334968566895,
            7.45589542388916,
            14.116975784301758,
            7.969458103179932,
            4.588317394256592,
            8.62096118927002
        ],
        1.0,
        [
            1.4077645540237427,
            5.720136642456055,
            3.0187859535217285,
            0.6531747579574585,
            0.7797369360923767,
            1.954486608505249,
            0.647808849811554,
            0.3597415089607239,
            0.5743247270584106,
            1.0767008066177368,
            0.8990328311920166
        ],
        [
            1.0173494815826416,
            4.033938407897949,
            2.1437695026397705,
            0.4878097474575043,
            0.5758942365646362,
            1.3980486392974854,
            0.4839250147342682,
            0.28307729959487915,
            0.43226298689842224,
            0.7837303876876831,
            0.65987628698349
        ]
    ],
    "_sd_y": [
        [
            77.51062774658203,
            78.09981536865234,
            65.81700134277344,
            109.06177520751953,
            58.34190368652344,
            48.920188903808594,
            57.04429244995117,
            158.58651733398438,
            81.17835998535156,
            143.4149169921875,
            146.904296875,
            117.26376342773438,
            146.34408569335938,
            69.30178833007812,
            115.68519592285156,
            39.420440673828125,
            21.711523056030273,
            48.060142517089844,
            164.29193115234375,
            230.299560546875
        ],
        [
            76.92609405517578,
            79.4760513305664,
            65.65869903564453,
            109.02837371826172,
            56.48274230957031,
            48.17718505859375,
            57.04429244995117,
            158.58651733398438,
            81.17835998535156,
            143.4149169921875,
            146.904296875,
            117.26376342773438,
            146.34408569335938,
            69.30178833007812,
            115.68519592285156,
            379.15960693359375,
            144.59747314453125,
            308.5158386230469,
            191.6575164794922,
            328.9665832519531
        ]
    ]
}