{
    "_idx": 0,
    "_layer_act": "relu",
    "_m_tau": [
        1.0,
        [
            0.0,
            0.0,
            0.0,
            0.0,
            0.13753999769687653,
            0.0,
            0.1375499963760376,
            0.14122000336647034,
            0.14122000336647034,
            0.0,
            0.0,
            0.0,
            0.0,
            0.1362600028514862,
            0.0,
            0.0,
            0.13642999529838562,
            0.0,
            0.1400499939918518,
            0.13414999842643738,
            0.0,
            0.1339000016450882,
            0.0,
            0.13741999864578247,
            0.0,
            0.0,
            0.13545000553131104,
            0.13535000383853912,
            0.0,
            0.13886000216007233,
            0.13886000216007233,
            0.0,
            0.0,
            0.0,
            0.0,
            0.0,
            0.13792000710964203,
            0.0,
            0.0,
            0.13770000636577606,
            0.14180999994277954,
            0.0,
            0.0,
            0.0,
            0.0,
            0.0,
            0.0,
            0.0,
            0.0,
            0.0,
            0.0,
            0.0,
            0.0,
            0.0,
            0.0,
            0.0,
            0.0
        ]
    ],
    "_m_x": [
        [
            77.6788101196289,
            76.03154754638672,
            23.95787811279297,
            5.0580291748046875,
            2.887202739715576,
            75.71793365478516
        ],
        [
            142.01736450195312,
            142.01736450195312,
            22.0,
            22.0,
            13.203238487243652,
            142.01736450195312
        ],
        [
            21.49793243408203,
            93.4225082397461,
            47.36103820800781,
            7.532346248626709,
            11.09235668182373,
            29.24042320251465,
            8.926072120666504,
            3.468686580657959,
            6.047743797302246,
            13.39062786102295,
            14.765268325805664
        ],
        [
            15.048056602478027,
            65.39510345458984,
            33.15034103393555,
            5.27278995513916,
            7.765200614929199,
            20.46829605102539,
            6.248533248901367,
            2.4280266761779785,
            4.2333455085754395,
            9.374197959899902,
            10.335649490356445
        ]
    ],
    "_m_y": [
        0.0,
        0.0,
        0.0,
        0.0,
        0.0,
        0.0
    ],
    "_sd_tau": [
        -1.0,
        [
            0.10000000149011612,
            0.10000000149011612,
            0.10000000149011612,
            0.10000000149011612,
            0.44441652297973633,
            0.10000000149011612,
            0.4444270431995392,
            0.44824832677841187,
            0.44824832677841187,
            0.10000000149011612,
            0.10000000149011612,
            0.10000000149011612,
            0.10000000149011612,
            0.44306445121765137,
            0.10000000149011612,
            0.10000000149011612,
            0.443244606256485,
            0.10000000149011612,
            0.4470388889312744,
            0.4408133924007416,
            0.10000000149011612,
            0.44054484367370605,
            0.10000000149011612,
            0.4442901909351349,
            0.10000000149011612,
            0.10000000149011612,
            0.4422035813331604,
            0.4420970380306244,
            0.10000000149011612,
            0.4458003640174866,
            0.4458003640174866,
            0.10000000149011612,
            0.10000000149011612,
            0.10000000149011612,
            0.10000000149011612,
            0.10000000149011612,
            0.444815993309021,
            0.10000000149011612,
            0.10000000149011612,
            0.44458481669425964,
            0.4488551616668701,
            0.10000000149011612,
            0.10000000149011612,
            0.10000000149011612,
            0.10000000149011612,
            0.10000000149011612,
            0.10000000149011612,
            0.10000000149011612,
            0.10000000149011612,
            0.10000000149011612,
            0.10000000149011612,
            0.10000000149011612,
            0.10000000149011612,
            0.10000000149011612,
            0.10000000149011612,
            0.10000000149011612,
            0.10000000149011612
        ]
    ],
    "_sd_x": [
        [
            8.720194816589355,
            8.541096687316895,
            14.07790756225586,
            8.143135070800781,
            4.691639423370361,
            9.185463905334473
        ],
        1.0,
        [
            1.9434927701950073,
            8.96426773071289,
            4.745591163635254,
            0.8189351558685303,
            0.9728373289108276,
            2.7295467853546143,
            1.0252690315246582,
            0.47917667031288147,
            0.7464396357536316,
            1.6257659196853638,
            1.464803695678711
        ],
        [
            1.3899040222167969,
            6.3029866218566895,
            3.350673198699951,
            0.603782057762146,
            0.7117199301719666,
            1.941579818725586,
            0.7485576868057251,
            0.36620277166366577,
            0.5528785586357117,
            1.1683903932571411,
            1.0558677911758423
        ]
    ],