{
    "_attr_tau": [
        "line_status",
        "topo_vect"
    ],
    "_attr_x": [
        "prod_p",
        "prod_v",
        "load_p",
        "load_q"
    ],
    "_attr_y": [
        "a_or",
        "a_ex",
        "p_or",
        "p_ex",
        "v_or",
        "v_ex"
    ],
    "_m_tau": [
        1.0,
        [
            0.9474800229072571,
            0.9494799971580505,
            1.0,
            0.9474800229072571,
            1.0844800472259521,
            0.945360004901886,
            1.0853099822998047,
            1.141219973564148,
            1.141219973564148,
            0.946940004825592,
            0.9485399723052979,
            1.0,
            1.0,
            1.0816199779510498,
            0.9485399723052979,
            0.9476000070571899,
            1.083549976348877,
            0.9467599987983704,
            1.1400500535964966,
            1.0836299657821655,
            0.9477599859237671,
            1.0815000534057617,
            0.9476000070571899,
            1.1374200582504272,
            0.9489200115203857,
            0.9472399950027466,
            1.0832699537277222,
            1.0829499959945679,
            1.0,
            1.1388599872589111,
            1.1388599872589111,
            0.9471200108528137,
            1.0,
            0.9464799761772156,
            1.0,
            1.0,
            1.0852999687194824,
            0.950219988822937,
            0.9467599987983704,
            1.0841799974441528,
            1.1418100595474243,
            0.947380006313324,
            0.9473199844360352,
            1.0,
            0.9489200115203857,
            0.9473199844360352,
            1.0,
            0.9472399950027466,
            0.9455400109291077,
            1.0,
            0.9478200078010559,
            0.9455400109291077,
            0.9447799921035767,
            1.0,
            0.950219988822937,
            0.9447799921035767,
            1.0
        ]
    ],
    "_m_x": [
        [
            77.6788101196289,
            76.03154754638672,
            23.95787811279297,
            5.0580291748046875,
            2.887202739715576,
            75.71793365478516
        ],
        [
            142.01736450195312,
            142.01736450195312,
            22.0,
            22.0,
            13.203238487243652,
            142.01736450195312
        ],
        [
            21.49793243408203,
            93.4225082397461,
            47.36103820800781,
            7.532346248626709,
            11.09235668182373,
            29.24042320251465,
            8.926072120666504,
            3.468686580657959,
            6.047743797302246,
            13.39062786102295,
            14.765268325805664
        ],
        [
            15.048056602478027,
            65.39510345458984,
            33.15034103393555,
            5.27278995513916,
            7.765200614929199,
            20.46829605102539,
            6.248533248901367,
            2.4280266761779785,
            4.2333455085754395,
            9.374197959899902,
            10.335649490356445
        ]
    ],
    "_m_y": [
        0.0,
        0.0,
        0.0,
        0.0,
        0.0,
        0.0
    ],
    "_sd_tau": [
        -1.0,
        [
            0.4198150038719177,
            0.4138275384902954,
            0.10000000149011612,
            0.4198150038719177,
            0.5863364338874817,
            0.426028311252594,
            0.5845123529434204,
            0.44824832677841187,
            0.44824832677841187,
            0.42141038179397583,
            0.41665732860565186,
            0.10000000149011612,
            0.10000000149011612,
            0.5887516736984253,
            0.41665732860565186,
            0.4194592833518982,
            0.5849839448928833,
            0.4219402074813843,
            0.4470388889312744,
            0.5776987075805664,
            0.4189842939376831,
            0.5817237496376038,
            0.4194592833518982,
            0.4442901909351349,
            0.41551676392555237,
            0.4205251634120941,
            0.5825724005699158,
            0.5829796195030212,
            0.10000000149011612,
            0.4458003640174866,
            0.4458003640174866,
            0.4208795726299286,
            0.10000000149011612,
            0.4227624535560608,
            0.10000000149011612,
            0.10000000149011612,
            0.5856788158416748,
            0.41157975792884827,
            0.4219402074813843,
            0.5874974131584167,
            0.4488551616668701,
            0.42011111974716187,
            0.42028865218162537,
            0.10000000149011612,
            0.41551676392555237,
            0.42028865218162537,
            0.10000000149011612,
            0.4205251634120941,
            0.4255059063434601,
            0.10000000149011612,
            0.41880595684051514,
            0.4255059063434601,
            0.4277052879333496,
            0.10000000149011612,
            0.41157975792884827,
            0.4277052879333496,
            0.10000000149011612
        ]
    ],
    "_sd_x": [
        [
            8.720194816589355,
            8.541096687316895,
            14.07790756225586,
            8.143135070800781,
            4.691639423370361,
            9.185463905334473
        ],
        1.0,
        [
            1.9434927701950073,
            8.96426773071289,
            4.745591163635254,
            0.8189351558685303,
            0.9728373289108276,
            2.7295467853546143,
            1.0252690315246582,
            0.47917667031288147,
            0.7464396357536316,
            1.6257659196853638,
            1.464803695678711
        ],
        [
            1.3899040222167969,
            6.3029866218566895,
            3.350673198699951,
            0.603782057762146,
            0.7117199301719666,
            1.941579818725586,
            0.7485576868057251,
            0.36620277166366577,
            0.5528785586357117,
            1.1683903932571411,
            1.0558677911758423
        ]
    ],