{
    "_attr_tau": [
        "line_status",
        "topo_vect"
    ],
    "_attr_x": [
        "prod_p",
        "prod_v",
        "load_p",
        "load_q"
    ],
    "_attr_y": [
        "a_or",
        "a_ex",
        "p_or",
        "p_ex",
        "q_or",
        "q_ex",
        "prod_q",
        "load_v",
        "v_or",
        "v_ex"
    ],
    "_m_tau": [
        1.0,
        [
            0.8731399774551392,
            0.8754000067710876,
            1.0,
            0.8731399774551392,
            0.972000002861023,
            0.8711000084877014,
            0.9665499925613403,
            1.0,
            1.0,
            0.8739200234413147,
            0.8747199773788452,
            1.0,
            1.0,
            0.967769980430603,
            0.8747199773788452,
            0.868619978427887,
            0.9721699953079224,
            0.8705999851226807,
            1.1033999919891357,
            0.8754000067710876,
            0.868619978427887,
            0.9634900093078613,
            0.9636600017547607,
            1.1012500524520874,
            0.8777999877929688,
            0.9567499756813049,
            0.951200008392334,
            0.8693000078201294,
            1.0866899490356445,
            1.0,
            1.0866899490356445,
            0.8749399781227112,
            1.0,
            0.8712199926376343,
            1.0,
            1.0,
            0.977150022983551,
            0.8763200044631958,
            0.8705999851226807,
            0.9684100151062012,
            1.103119969367981,
            0.8798400163650513,
            0.8798400163650513,
            1.0,
            0.8777999877929688,
            0.8798400163650513,
            1.0,
            0.8754199743270874,
            0.8752400279045105,
            1.0,
            0.8699399828910828,
            0.8752400279045105,
            0.8728600144386292,
            1.0,
            0.8763200044631958,
            0.8728600144386292,
            1.0
        ]
    ],
    "_m_x": [
        [
            78.37651062011719,
            76.71260833740234,
            22.16962432861328,
            5.116209983825684,
            2.922053098678589,
            78.0840072631836
        ],
        [
            142.01736450195312,
            142.01736450195312,
            22.0,
            22.0,
            13.203238487243652,
            142.01736450195312
        ],
        [
            21.495943069458008,
            93.59971618652344,
            47.40093994140625,
            7.545465469360352,
            11.107189178466797,
            29.282224655151367,
            8.93708610534668,
            3.474353790283203,
            6.060211181640625,
            13.417774200439453,
            14.79244613647461
        ],
        [
            15.046507835388184,
            65.51561737060547,
            33.18070602416992,
            5.281558036804199,
            7.774604797363281,
            20.496349334716797,
            6.255825519561768,
            2.431936502456665,
            4.2420220375061035,
            9.392069816589355,
            10.353914260864258
        ]
    ],
    "_m_y": [
        0.0,
        0.0,
        0.0,
        0.0,
        0.0,
        0.0,
        [
            21.80590057373047,
            82.84721374511719,
            24.971925735473633,
            22.71562957763672,
            27.79185676574707,
            -17.29865074157715
        ],
        [
            142.01736450195312,
            142.01736450195312,
            137.46263122558594,
            138.9978790283203,
            22.0,
            20.837589263916016,
            20.8489933013916,
            21.31299591064453,
            21.43153190612793,
            21.243967056274414,
            20.486515045166016
        ],
        0.0,
        0.0
    ],
    "_sd_tau": [
        -1.0,
        [
            0.5874695181846619,
            0.58339923620224,
            0.10000000149011612,
            0.5874695181846619,
            0.691148042678833,
            0.5911056995391846,
            0.6996424794197083,
            0.10000000149011612,
            0.10000000149011612,
            0.5860697627067566,
            0.5846286416053772,
            0.10000000149011612,
            0.10000000149011612,
            0.6945008635520935,
            0.5846286416053772,
            0.595478892326355,
            0.688706636428833,
            0.5919914841651917,
            0.40448060631752014,
            0.58339923620224,
            0.595478892326355,
            0.6969062089920044,
            0.6953481435775757,
            0.40165945887565613,
            0.5790272951126099,
            0.6732534170150757,
            0.682235836982727,
            0.5942848324775696,
            0.38138023018836975,
            0.10000000149011612,
            0.38138023018836975,
            0.5842313766479492,
            0.10000000149011612,
            0.5908927917480469,
            0.10000000149011612,
            0.10000000149011612,
            0.680609941482544,
            0.5817294716835022,
            0.5919914841651917,
            0.6947706341743469,
            0.4041155278682709,
            0.5752699971199036,
            0.5752699971199036,
            0.10000000149011612,
            0.5790272951126099,
            0.5752699971199036,
            0.10000000149011612,
            0.5833630561828613,
            0.5836889147758484,
            0.10000000149011612,
            0.5931575894355774,
            0.5836889147758484,
            0.5879707336425781,
            0.10000000149011612,
            0.5817294716835022,
            0.5879707336425781,
            0.10000000149011612
        ]
    ],
    "_sd_x": [
        [
            8.556961059570312,
            8.378975868225098,
            13.589822769165039,
            8.18803882598877,
            4.719507217407227,
            10.021698951721191
        ],
        1.0,
        [
            1.951925277709961,
            8.99251937866211,
            4.763628005981445,
            0.821221649646759,
            0.9878911972045898,
            2.7552127838134766,
            1.020180106163025,
            0.47858354449272156,
            0.7438399791717529,
            1.6243069171905518,
            1.4692546129226685
        ],
        [
            1.396264672279358,
            6.321981906890869,
            3.3644890785217285,
            0.6052312850952148,
            0.7212251424789429,
            1.958097219467163,
            0.7443585991859436,
            0.3658396601676941,
            0.5511494278907776,
            1.167587161064148,
            1.0581207275390625
        ]
    ],