{
    "_attr_tau": [
        "line_status",
        "topo_vect"
    ],
    "_attr_x": [
        "prod_p",
        "prod_v",
        "load_p",
        "load_q"
    ],
    "_attr_y": [
        "a_or",
        "a_ex",
        "p_or",
        "p_ex",
        "q_or",
        "q_ex",
        "prod_q",
        "load_v",
        "v_or",
        "v_ex",
        "theta_or",
        "theta_ex"
    ],
    "_m_tau": [
        1.0,
        [
            0.9270600080490112,
            0.9279000163078308,
            1.0,
            0.9270600080490112,
            1.0296000242233276,
            1.0134600400924683,
            1.0147600173950195,
            1.0862799882888794,
            1.0822199583053589,
            0.9379199743270874,
            1.0440700054168701,
            1.084689974784851,
            1.0211000442504883,
            0.9264799952507019,
            1.0338799953460693,
            1.0216699838638306,
            1.0176500082015991,
            1.0079200267791748,
            1.0888299942016602,
            0.9279000163078308,
            1.0313299894332886,
            1.025670051574707,
            1.0319900512695312,
            1.1054500341415405,
            0.9331200122833252,
            1.014490008354187,
            1.0134199857711792,
            1.0182900428771973,
            1.075569987297058,
            1.0770200490951538,
            1.075350046157837,
            0.9276599884033203,
            1.0,
            0.9307600259780884,
            1.0,
            1.0,
            0.9313399791717529,
            1.016029953956604,
            1.0156500339508057,
            1.0265799760818481,
            1.0878000259399414,
            0.9313399791717529,
            0.9331799745559692,
            1.0,
            0.9331200122833252,
            0.9331799745559692,
            1.0,
            0.9310399889945984,
            0.9334999918937683,
            1.0,
            0.9293400049209595,
            1.0445799827575684,
            1.0358400344848633,
            1.1042900085449219,
            0.932200014591217,
            0.9323400259017944,
            1.0
        ]
    ],
    "_m_x": [
        [
            76.94049072265625,
            75.31226348876953,
            20.772876739501953,
            4.863565444946289,
            2.778733730316162,
            78.58973693847656
        ],
        [
            142.01736450195312,
            142.01736450195312,
            22.0,
            22.0,
            13.203238487243652,
            142.01736450195312
        ],
        [
            21.02897834777832,
            91.49494171142578,
            45.741371154785156,
            7.360645771026611,
            10.996662139892578,
            28.596702575683594,
            8.838227272033691,
            3.4955363273620605,
            5.8907151222229,
            13.053034782409668,
            14.689502716064453
        ],
        [
            14.720261573791504,
            64.04891204833984,
            32.018943786621094,
            5.151993274688721,
            7.697730541229248,
            20.01766586303711,
            6.18662166595459,
            2.4467570781707764,
            4.123647689819336,
            9.13715648651123,
            10.283123970031738
        ]
    ],
    "_m_y": [
        0.0,
        0.0,
        0.0,
        0.0,
        0.0,
        0.0,
        [
            30.402490615844727,
            73.32664489746094,
            23.149940490722656,
            23.765592575073242,
            27.88764190673828,
            -13.102762222290039
        ],
        [
            141.45811462402344,
            138.22265625,
            136.8532257080078,
            138.77012634277344,
            21.895404815673828,
            20.666353225708008,
            20.89202308654785,
            21.300086975097656,
            21.371295928955078,
            20.943931579589844,
            20.29390525817871
        ],
        0.0,
        0.0,
        [
            0.0,
            0.0,
            -2.566429853439331,
            -2.654878854751587,
            -2.478501319885254,
            -5.458478927612305,
            -6.2493157386779785,
            -9.979106903076172,
            -9.972646713256836,
            -10.083974838256836,
            -11.642889976501465,
            -11.496718406677246,
            -11.597699165344238,
            -10.847037315368652,
            -11.51181411743164,
            -7.175201416015625,
            -6.872432708740234,
            -5.7579169273376465,
            -9.942790031433105,
            -10.981258392333984
        ],
        [
            -1.4163641929626465,
            -4.622141361236572,
            -6.2552008628845215,
            -6.138820648193359,
            -4.876230239868164,
            -6.510978698730469,
            -5.576414585113525,
            -10.795011520385742,
            -10.766027450561523,
            -10.746963500976562,
            -11.623793601989746,
            -12.283377647399902,
            -10.950288772583008,
            -10.974143981933594,
            -12.294075012207031,
            -9.34775161743164,
            -11.184884071350098,
            -8.878057479858398,
            -9.70086669921875,
            -9.704544067382812
        ]
    ],
    "_sd_tau": [
        -1.0,
        [
            0.47491300106048584,
            0.4728291630744934,
            0.10000000149011612,
            0.47491300106048584,
            0.5636419653892517,
            0.5835688710212708,
            0.5875880718231201,
            0.3807770609855652,
            0.37469959259033203,
            0.4468516409397125,
            0.5767471194267273,
            0.37841981649398804,
            0.243717759847641,
            0.4763439893722534,
            0.5667892098426819,
            0.5952175259590149,
            0.5841058492660522,
            0.5907517671585083,
            0.3844982087612152,
            0.4728291630744934,
            0.6035359501838684,
            0.5990501642227173,
            0.5829975605010986,
            0.4071323573589325,
            0.45956510305404663,
            0.5702765583992004,
            0.5745733976364136,
            0.5693351626396179,
            0.3643088638782501,
            0.3666231632232666,
            0.3639552593231201,
            0.4734259247779846,
            0.10000000149011612,
            0.4656307101249695,
            0.10000000149011612,
            0.10000000149011612,
            0.4641507863998413,
            0.5681592226028442,
            0.5983824729919434,
            0.5833151340484619,
            0.3830038011074066,
            0.4641507863998413,
            0.45940935611724854,
            0.10000000149011612,
            0.45956510305404663,
            0.45940935611724854,
            0.10000000149011612,
            0.4649171233177185,
            0.45857739448547363,
            0.10000000149011612,
            0.46922507882118225,
            0.5920290946960449,
            0.5873761177062988,
            0.40563637018203735,
            0.4619435667991638,
            0.46158280968666077,
            0.10000000149011612
        ]
    ],