{"proxy": {"attr_x": ["prod_p", "prod_v", "load_p", "load_q"], "attr_y": ["a_or", "a_ex", "p_or", "p_ex", "q_or", "q_ex", "prod_q", "load_v", "v_or", "v_ex"], "_sz_x": [6, 6, 11, 11], "_sz_y": [20, 20, 20, 20, 20, 20, 6, 11, 20, 20], "_time_train": 5817.107227087021, "_time_predict": 39.33135628700256, "attr_tau": ["line_status"], "_sz_tau": [20], "_m_x": [[70.42694854736328, 68.95741271972656, 22.19804573059082, 0.0, 0.0, 67.99201202392578], [142.10073852539062, 142.10073852539062, 22.0, 22.0, 13.200056076049805, 142.10073852539062], [20.248821258544922, 79.859375, 41.386138916015625, 6.30117654800415, 10.887504577636719, 26.168941497802734, 8.071484565734863, 3.137502431869507, 4.930663108825684, 11.264843940734863, 13.898046493530273], [14.16699504852295, 55.929100036621094, 28.98613739013672, 4.410934925079346, 7.626170635223389, 18.31954002380371, 5.648434162139893, 2.1960928440093994, 3.449413299560547, 7.895507335662842, 9.72753620147705]], "_m_y": [0.0, 0.0, 0.0, 0.0, 0.0, 0.0, [15.229702949523926, 66.97940826416016, 19.973623275756836, 19.973623275756836, 22.702171325683594, -15.47351360321045], [142.10073852539062, 142.10073852539062, 139.12826538085938, 139.83155822753906, 22.0, 21.144319534301758, 21.141963958740234, 21.48542594909668, 21.58715057373047, 21.43931007385254, 20.743812561035156], 0.0, 0.0], "_m_tau": [1.0], "_sd_x": [[6.920228958129883, 6.859591007232666, 9.384176254272461, 0.10000000149011612, 0.10000000149011612, 7.179616451263428], 1.0, [1.7036330699920654, 5.225365161895752, 2.9928293228149414, 0.5725659728050232, 0.8152077198028564, 1.6853801012039185, 0.659022867679596, 0.3341040015220642, 0.49634185433387756, 1.032075047492981, 0.8867027759552002], [1.2344166040420532, 3.6879868507385254, 2.1345698833465576, 0.4349978268146515, 0.5991582274436951, 1.2198885679244995, 0.48890554904937744, 0.26377010345458984, 0.37859755754470825, 0.7554759979248047, 0.638664722442627]], "_sd_y": [[524.3582153320312, 434.7990417480469, 362.6140441894531, 608.9835205078125, 172.1900634765625, 270.7062683105469, 328.1159973144531, 619.2564697265625, 487.09771728515625, 817.6552734375, 435.45281982421875, 614.3056640625, 1.0, 153.54551696777344, 653.4873046875, 230.11080932617188, 116.49825286865234, 173.27520751953125, 1948.658935546875, 1538.66162109375], [524.3582153320312, 434.7990417480469, 362.6140441894531, 608.9835205078125, 172.1900634765625, 270.7062683105469, 328.1159973144531, 619.2564697265625, 487.09771728515625, 817.6552734375, 435.45281982421875, 614.3056640625, 1.0, 153.54551696777344, 653.4873046875, 230.11080932617188, 116.49825286865234, 173.27520751953125, 1948.658935546875, 1538.66162109375], [39.14311981201172, 31.64078712463379, 25.8782958984375, 35.26350021362305, 26.39362144470215, 8.768336296081543, 38.207584381103516, 3.3132433891296387, 8.985943794250488, 23.54673194885254, 8.632988929748535, 1.0, 1.0, 3.477311611175537, 14.18314266204834, 23.40870475769043, 13.323780059814453, 11.945920944213867, 1.0, 23.40870475769043], [38.83541488647461, 31.130088806152344, 25.56833267211914, 34.57695007324219, 26.017873764038086, 8.647950172424316, 38.402042388916016, 3.299999952316284, 8.877311706542969, 23.13107681274414, 8.600000381469727, 1.0, 1.0, 3.452064275741577, 13.833693504333496, 23.40870475769043, 13.323780059814453, 11.945920944213867, 1.0, 23.40870475769043], [15.099655151367188, 1.574256181716919, 7.774784088134766, 1.229626178741455, 1.0, 9.979966163635254, 3.9091458320617676, 2.4277334213256836, 5.11830997467041, 14.347728729248047, 6.187630653381348, 5.283541679382324, 1.0, 1.092215657234192, 5.698548316955566, 12.641550064086914, 1.0, 5.425556182861328, 26.531970977783203, 11.797589302062988], [10.440720558166504, 1.451027512550354, 4.436546325683594, 2.6705753803253174, 2.345937490463257, 10.99942398071289, 4.522521495819092, 2.4000000953674316, 4.892215728759766, 13.5291748046875, 6.099999904632568, 5.212942123413086, 1.0, 1.0693728923797607, 4.987057685852051, 14.039491653442383, 1.2955029010772705, 5.792672634124756, 27.64451026916504, 12.49247932434082], [4.161387920379639, 5.46658182144165, 2.8211331367492676, 2.8211331367492676, 2.649420738220215, 2.49808931350708], 1.0, [137.10498046875, 140.15794372558594, 137.93760681152344, 136.8274383544922, 138.21514892578125, 137.66006469726562, 136.16319274902344, 21.65625, 21.5703125, 21.3984375, 20.56546974182129, 20.72726058959961, 20.817148208618164, 21.332456588745117, 20.422908782958984, 134.8047332763672, 136.13906860351562, 136.00624084472656, 14.891036987304688, 20.617290496826172], [137.10498046875, 137.92926025390625, 137.93760681152344, 133.99246215820312, 136.02903747558594, 134.8048858642578, 136.8109588623047, 21.16322135925293, 21.17835235595703, 20.888338088989258, 20.563356399536133, 20.34834098815918, 21.143823623657227, 21.188016891479492, 19.801809310913086, 14.419563293457031, 20.688764572143555, 21.3984375, 13.200056076049805, 14.511161804199219]], "_sd_tau": [-1.0], "sizes_enc": [20, 20, 20], "sizes_main": [150, 150, 150], "sizes_out": [100, 40], "loss": "mse"}}