{
    "_attr_tau": [
        "line_status",
        "topo_vect"
    ],
    "_attr_x": [
        "prod_p",
        "prod_v",
        "load_p",
        "load_q"
    ],
    "_attr_y": [
        "a_or",
        "a_ex"
    ],
    "_m_tau": [
        1.0,
        [
            0.947160005569458,
            0.9489799737930298,
            1.0,
            0.947160005569458,
            1.3467899560928345,
            0.9529600143432617,
            1.3482199907302856,
            1.0,
            1.0,
            0.9472799897193909,
            0.9471799731254578,
            1.0,
            1.0,
            1.3522299528121948,
            0.9471799731254578,
            0.9476400017738342,
            1.3431400060653687,
            0.9452599883079529,
            1.4089399576187134,
            0.9489799737930298,
            0.9480599761009216,
            1.347409963607788,
            1.3459199666976929,
            1.4105499982833862,
            0.9475200176239014,
            0.9471399784088135,
            0.9465600252151489,
            0.9464600086212158,
            1.0,
            1.0,
            1.0,
            0.9458199739456177,
            1.0,
            0.9479399919509888,
            1.0,
            1.0,
            1.3487099409103394,
            0.9492800235748291,
            0.9452599883079529,
            1.3487900495529175,
            1.4119399785995483,
            0.9473000168800354,
            0.9472399950027466,
            1.0,
            0.9475200176239014,
            0.9472399950027466,
            1.0,
            0.9471399784088135,
            0.944819986820221,
            1.0,
            0.9465600252151489,
            0.944819986820221,
            0.9462199807167053,
            1.0,
            0.9492800235748291,
            0.9462199807167053,
            1.0
        ]
    ],
    "_m_x": [
        [
            78.3809585571289,
            76.71956634521484,
            21.996585845947266,
            5.098541259765625,
            2.91213059425354,
            79.74008178710938
        ],
        [
            142.01736450195312,
            142.01736450195312,
            22.0,
            22.0,
            13.203238487243652,
            142.01736450195312
        ],
        [
            21.49580955505371,
            93.50132751464844,
            47.378570556640625,
            7.541549205780029,
            11.104371070861816,
            29.265464782714844,
            8.93112564086914,
            3.473651647567749,
            6.054705619812012,
            13.40329360961914,
            14.78325366973877
        ],
        [
            15.046429634094238,
            65.44916534423828,
            33.164024353027344,
            5.279043674468994,
            7.772478103637695,
            20.484487533569336,
            6.251827716827393,
            2.431601047515869,
            4.23813009262085,
            9.381956100463867,
            10.347665786743164
        ]
    ],
    "_m_y": [
        0.0,
        0.0
    ],
    "_sd_tau": [
        -1.0,
        [
            0.42076149582862854,
            0.4153362512588501,
            0.10000000149011612,
            0.42076149582862854,
            0.7202311754226685,
            0.403096079826355,
            0.7186945080757141,
            0.10000000149011612,
            0.10000000149011612,
            0.42040693759918213,
            0.42070242762565613,
            0.10000000149011612,
            0.10000000149011612,
            0.7076874375343323,
            0.42070242762565613,
            0.4193406105041504,
            0.7228442430496216,
            0.42631813883781433,
            0.5916381478309631,
            0.4153362512588501,
            0.4180915355682373,
            0.7195129990577698,
            0.7219963073730469,
            0.5919336676597595,
            0.41969648003578186,
            0.42082053422927856,
            0.4225277602672577,
            0.4228211045265198,
            0.10000000149011612,
            0.10000000149011612,
            0.10000000149011612,
            0.42469143867492676,
            0.10000000149011612,
            0.4184489846229553,
            0.10000000149011612,
            0.10000000149011612,
            0.7206540107727051,
            0.41443198919296265,
            0.42631813883781433,
            0.7191248536109924,
            0.5921843647956848,
            0.42034777998924255,
            0.4205251634120941,
            0.10000000149011612,
            0.41969648003578186,
            0.4205251634120941,
            0.10000000149011612,
            0.42082053422927856,
            0.42758992314338684,
            0.10000000149011612,
            0.4225277602672577,
            0.42758992314338684,
            0.4235239028930664,
            0.10000000149011612,
            0.41443198919296265,
            0.4235239028930664,
            0.10000000149011612
        ]
    ],
    "_sd_x": [
        [
            8.551395416259766,
            8.373085021972656,
            13.399593353271484,
            8.16720962524414,
            4.7084221839904785,
            11.03886890411377
        ],
        1.0,
        [
            1.979327917098999,
            9.024276733398438,
            4.808939456939697,
            0.8249828815460205,
            0.9914776086807251,
            2.768087148666382,
            1.0213117599487305,
            0.4770813584327698,
            0.743973970413208,
            1.6264352798461914,
            1.4716898202896118
        ],
        [
            1.415933609008789,
            6.347046852111816,
            3.3981215953826904,
            0.6076332330703735,
            0.7238083481788635,
            1.9673688411712646,
            0.7452045679092407,
            0.36483868956565857,
            0.5510938763618469,
            1.1694297790527344,
            1.060044288635254
        ]
    ],
    "_sd_y": [
        [
            92.43144226074219,
            93.95661163330078,
            90.03247833251953,
            119.70222473144531,
            66.85196685791016,
            66.55519104003906,
            55.932254791259766,
            287.4036560058594,
            90.9145278930664,
            166.8702850341797,
            282.75714111328125,
            145.40902709960938,
            280.43695068359375,
            77.08760070800781,
            137.03280639648438,
            59.2523078918457,
            25.839567184448242,
            57.460182189941406,
            361.2923889160156,
            359.94439697265625
        ],
        [
            91.8975830078125,
            95.55123138427734,
            89.94613647460938,
            119.44149780273438,
            66.15118408203125,
            65.85230255126953,
            55.932254791259766,
            287.4036560058594,
            90.9145278930664,
            166.8702850341797,
            282.75714111328125,
            145.40902709960938,
            280.43695068359375,
            77.08760070800781,
            137.03280639648438,
            570.3533935546875,
            172.20172119140625,
            368.96881103515625,
            421.491455078125,
            514.1642456054688
        ]
    ]
}