{
    "_attr_tau": [
        "line_status",
        "topo_vect"
    ],
    "_attr_x": [
        "prod_p",
        "prod_v",
        "load_p",
        "load_q"
    ],
    "_attr_y": [
        "a_or",
        "a_ex"
    ],
    "_m_tau": [
        1.0,
        [
            0.906059980392456,
            0.906440019607544,
            1.0,
            0.906059980392456,
            1.2358100414276123,
            0.9028000235557556,
            1.2366000413894653,
            1.3466299772262573,
            1.3466299772262573,
            0.9054399728775024,
            0.9048799872398376,
            1.0,
            1.0,
            0.9028000235557556,
            0.9048799872398376,
            0.9070000052452087,
            0.9044600129127502,
            0.9058799743652344,
            1.0,
            1.2373199462890625,
            0.9061800241470337,
            1.2380000352859497,
            0.9059600234031677,
            1.3470100164413452,
            0.9053000211715698,
            0.9029600024223328,
            1.2349900007247925,
            1.2343100309371948,
            1.0,
            1.344939947128296,
            1.344939947128296,
            0.9044600129127502,
            1.0,
            0.9040200114250183,
            1.0,
            1.0,
            0.9063400030136108,
            0.9071000218391418,
            0.9058799743652344,
            0.9040200114250183,
            1.0,
            0.9063400030136108,
            0.9060800075531006,
            1.0,
            0.9053000211715698,
            0.9060800075531006,
            1.0,
            0.9029600024223328,
            0.903659999370575,
            1.0,
            0.9063599705696106,
            0.903659999370575,
            0.9026200175285339,
            1.0,
            0.9071000218391418,
            0.9026200175285339,
            1.0
        ]
    ],
    "_m_x": [
        [
            77.6788101196289,
            76.03154754638672,
            23.95787811279297,
            5.0580291748046875,
            2.887202739715576,
            76.08960723876953
        ],
        [
            142.01736450195312,
            142.01736450195312,
            22.0,
            22.0,
            13.203238487243652,
            142.01736450195312
        ],
        [
            21.49793243408203,
            93.4225082397461,
            47.36103820800781,
            7.532346248626709,
            11.09235668182373,
            29.24042320251465,
            8.926072120666504,
            3.468686580657959,
            6.047743797302246,
            13.39062786102295,
            14.765268325805664
        ],
        [
            15.048056602478027,
            65.39510345458984,
            33.15034103393555,
            5.27278995513916,
            7.765200614929199,
            20.46829605102539,
            6.248533248901367,
            2.4280266761779785,
            4.2333455085754395,
            9.374197959899902,
            10.335649490356445
        ]
    ],
    "_m_y": [
        0.0,
        0.0
    ],
    "_sd_tau": [
        -1.0,
        [
            0.5231492519378662,
            0.522334635257721,
            0.10000000149011612,
            0.5231492519378662,
            0.7810900807380676,
            0.5300606489181519,
            0.7797650098800659,
            0.575896680355072,
            0.575896680355072,
            0.5244742631912231,
            0.5256667733192444,
            0.10000000149011612,
            0.10000000149011612,
            0.5300606489181519,
            0.5256667733192444,
            0.5211306214332581,
            0.5265584588050842,
            0.5235344767570496,
            0.10000000149011612,
            0.7794698476791382,
            0.52289217710495,
            0.7784954309463501,
            0.5233632922172546,
            0.5760189890861511,
            0.5247727632522583,
            0.5297245979309082,
            0.7787413001060486,
            0.7793591618537903,
            0.10000000149011612,
            0.5753487348556519,
            0.5753487348556519,
            0.5265584588050842,
            0.10000000149011612,
            0.5274901986122131,
            0.10000000149011612,
            0.10000000149011612,
            0.5225492119789124,
            0.5209152102470398,
            0.5235344767570496,
            0.5274901986122131,
            0.10000000149011612,
            0.5225492119789124,
            0.5231063961982727,
            0.10000000149011612,
            0.5247727632522583,
            0.5231063961982727,
            0.10000000149011612,
            0.5297245979309082,
            0.5282506346702576,
            0.10000000149011612,
            0.5225062966346741,
            0.5282506346702576,
            0.5304383039474487,
            0.10000000149011612,
            0.5209152102470398,
            0.5304383039474487,
            0.10000000149011612
        ]
    ],
    "_sd_x": [
        [
            8.720194816589355,
            8.541096687316895,
            14.07790756225586,
            8.143135070800781,
            4.691639423370361,
            9.194327354431152
        ],
        1.0,
        [
            1.9434927701950073,
            8.96426773071289,
            4.745591163635254,
            0.8189351558685303,
            0.9728373289108276,
            2.7295467853546143,
            1.0252690315246582,
            0.47917667031288147,
            0.7464396357536316,
            1.6257659196853638,
            1.464803695678711
        ],
        [
            1.3899040222167969,
            6.3029866218566895,
            3.350673198699951,
            0.603782057762146,
            0.7117199301719666,
            1.941579818725586,
            0.7485576868057251,
            0.36620277166366577,
            0.5528785586357117,
            1.1683903932571411,
            1.0558677911758423
        ]
    ],
    "_sd_y": [
        [
            61.562618255615234,
            60.66115188598633,
            39.77436828613281,
            57.57311248779297,
            49.60808563232422,
            29.974979400634766,
            61.240055084228516,
            181.7748260498047,
            163.43162536621094,
            201.6967315673828,
            168.10537719726562,
            144.03054809570312,
            161.41744995117188,
            160.06614685058594,
            126.54621124267578,
            37.69026184082031,
            26.305997848510742,
            51.076995849609375,
            160.8053436279297,
            246.83560180664062
        ],
        [
            61.623573303222656,
            60.224609375,
            39.16295623779297,
            56.7105827331543,
            49.80486297607422,
            29.962106704711914,
            61.240055084228516,
            181.7748260498047,
            163.43162536621094,
            201.6967315673828,
            168.10537719726562,
            144.03054809570312,
            161.41744995117188,
            160.06614685058594,
            126.54621124267578,
            362.47833251953125,
            175.3181915283203,
            327.9290771484375,
            187.59017944335938,
            352.57659912109375
        ]
    ]
}