{
    "test": {
        "ML": {
            "MSE_avg": {
                "v_or": 0.00010645988368196413,
                "v_ex": 0.00011296240700175986,
                "p_or": 0.18411502242088318,
                "p_ex": 0.1777658313512802,
                "a_or": 16.51224136352539,
                "a_ex": 16.86044692993164
            },
            "MAE_avg": {
                "v_or": 0.001553428708575666,
                "v_ex": 0.001500570448115468,
                "p_or": 0.14518952369689941,
                "p_ex": 0.14409466087818146,
                "a_or": 1.4204329252243042,
                "a_ex": 1.4652109146118164
            },
            "MAPE_avg": {
                "v_or": 9.848606168816332e-06,
                "v_ex": 1.0132289389730431e-05,
                "p_or": 63017717760.0,
                "p_ex": 22879956992.0,
                "a_or": 121335185408.0,
                "a_ex": 52108500992.0
            },
            "MAPE_90_avg": {
                "v_or": 5.658699643585033e-06,
                "v_ex": 5.919416245742559e-06,
                "p_or": 0.0033098454767013486,
                "p_ex": 0.0032964480543750145,
                "a_or": 0.007386949784782199,
                "a_ex": 0.007292245940119987
            },
            "MAPE_10_avg": {
                "v_or": 7.93336312753172e-06,
                "v_ex": 8.195988824322852e-06,
                "p_or": 0.006397687786608211,
                "p_ex": 0.006388048696331843,
                "a_or": 0.021526892545594315,
                "a_ex": 0.022162465019418712
            },
            "TIME_INF": 4.163906573085114
        },
        "Physics": {
            "CURRENT_POS": {
                "a_or": {
                    "Error": 10040.3349609375,
                    "Violation_proportion": 0.00044102150537634406
                },
                "a_ex": {
                    "Error": 11018.400390625,
                    "Violation_proportion": 0.0005930645161290322
                }
            },
            "VOLTAGE_POS": {
                "v_or": {
                    "Violation_proportion": 0.0
                },
                "v_ex": {
                    "Violation_proportion": 0.0
                }
            },
            "LOSS_POS": {
                "loss_criterion": 209.59898,
                "violation_proportion": 0.008733548387096774
            },
            "DISC_LINES": {
                "p_or": 0.0,
                "p_ex": 0.0,
                "a_or": 0.0,
                "a_ex": 0.0,
                "v_or": 0.0,
                "v_ex": 0.0,
                "violation_proportion": 0.0
            },
            "CHECK_LOSS": {
                "violation_percentage": 1.539
            },
            "CHECK_GC": {
                "violation_percentage": 0.0,
                "mae": 9.128214e-05,
                "wmape": 1.2492486e-06
            },
            "CHECK_LC": {
                "violation_percentage": 77.35536440677966,
                "mae": 0.10304196395080921,
                "mape": 0.002859223697836113
            },
            "CHECK_JOULE_LAW": {
                "violation_proportion": 0.0,
                "mae": 3.054519562577347e-07,
                "wmape": 2.268769940016548e-06
            }
        },
        "IndRed": {
            "TIME_INF": 3.9108043271116912
        }
    },
    "test_ood_topo": {
        "ML": {
            "MSE_avg": {
                "v_or": 0.0008741252822801471,
                "v_ex": 0.0009632128058001399,
                "p_or": 0.47769251465797424,
                "p_ex": 0.4475671350955963,
                "a_or": 40.1962890625,
                "a_ex": 41.00724411010742
            },
            "MAE_avg": {
                "v_or": 0.0023060280364006758,
                "v_ex": 0.0023030198644846678,
                "p_or": 0.18595275282859802,
                "p_ex": 0.1843600869178772,
                "a_or": 1.7880399227142334,
                "a_ex": 1.8418012857437134
            },
            "MAPE_avg": {
                "v_or": 1.5199337212834507e-05,
                "v_ex": 1.5929399523884058e-05,
                "p_or": 189589094400.0,
                "p_ex": 56932474880.0,
                "a_or": 386140471296.0,
                "a_ex": 157286449152.0
            },
            "MAPE_90_avg": {
                "v_or": 7.414690380649798e-06,
                "v_ex": 8.032887808804589e-06,
                "p_or": 0.004977200835027814,
                "p_ex": 0.004950829903700901,
                "a_or": 0.010261113576488012,
                "a_ex": 0.01012922324923192
            },
            "MAPE_10_avg": {
                "v_or": 1.0476555723965095e-05,
                "v_ex": 1.1106274117571183e-05,
                "p_or": 0.008155790825441843,
                "p_ex": 0.008147190351295156,
                "a_or": 0.027774648502433164,
                "a_ex": 0.028373457148515593
            }
        },
        "Physics": {
            "CURRENT_POS": {
                "a_or": {
                    "Error": 21769.7578125,
                    "Violation_proportion": 0.0004038709677419355
                },
                "a_ex": {
                    "Error": 23943.244140625,
                    "Violation_proportion": 0.0005124731182795699
                }
            },
            "VOLTAGE_POS": {
                "v_or": {
                    "Violation_proportion": 0.0
                },
                "v_ex": {
                    "Violation_proportion": 0.0
                }
            },
            "LOSS_POS": {
                "loss_criterion": 1076.4073,
                "violation_proportion": 0.00829997311827957
            },
            "DISC_LINES": {
                "p_or": 0.0,
                "p_ex": 0.0,
                "a_or": 0.0,
                "a_ex": 0.0,
                "v_or": 0.0,
                "v_ex": 0.0,
                "violation_proportion": 0.0
            },
            "CHECK_LOSS": {
                "violation_percentage": 3.2485
            },
            "CHECK_GC": {
                "violation_percentage": 0.0,
                "mae": 9.088051e-05,
                "wmape": 1.2194811e-06
            },
            "CHECK_LC": {
                "violation_percentage": 83.45940254237289,
                "mae": 0.14096058704044898,
                "mape": 0.0039999913278262085
            },
            "CHECK_JOULE_LAW": {
                "violation_proportion": 0.0,
                "mae": 2.9970232693607007e-07,
                "wmape": 2.1807441470482367e-06
            }
        },
        "IndRed": {}
    }
}