{
  "ML": {
    "a_ex": 0.007292245940119987,
    "a_or": 0.007386949784782199,
    "p_ex": 0.006388048696331843,
    "p_or": 0.006397687786608211,
    "v_ex": 0.001500570448115468,
    "v_or": 0.001553428708575666},
  "Physics": {
    "CHECK_GC": 0.0,
    "CHECK_JOULE_LAW": 0.0,
    "CHECK_LC": 77.35536440677966,
    "CHECK_LOSS": 1.539,
    "CURRENT_POS": 0.04410215053763441,
    "DISC_LINES": 0.0,
    "LOSS_POS": 0.8733548387096773,
    "VOLTAGE_POS": 0.0},
  "Speed" : {"inference_time":  699.8024816513062},
  "OOD": {
    "ML": {
      "a_ex": 0.01012922324923192,
      "a_or": 0.010261113576488012,
      "p_ex": 0.008147190351295156,
      "p_or": 0.008155790825441843,
      "v_ex": 0.0023030198644846678,
      "v_or": 0.0023060280364006758},
    "Physics": {
      "CHECK_GC": 0.0,
      "CHECK_JOULE_LAW": 0.0,
      "CHECK_LC": 83.45940254237289,
      "CHECK_LOSS": 3.2485,
      "CURRENT_POS": 0.04038709677419355,
      "DISC_LINES": 0.0,
      "LOSS_POS": 0.8299973118279571,
      "VOLTAGE_POS": 0.0}
  }
}


