{
    "total_time": 9447.697538614273,
    "training_time": 6113.95232629776,
    "test_evaluation_time": 699.8024816513062,
    "test_mean_simulation_time": 3.499012408256531,
    "test_ood_evaluation_time": 1759.7924394607544,
    "test_ood_mean_simulation_time": 3.5479686279450693,
    "fc_metrics_test": {
        "test": {
            "ML": {
                "MSE_normalized": {
                    "x-velocity": 0.00262499232487287,
                    "y-velocity": 0.0012471767764183842,
                    "pressure": 0.0031353064368674637,
                    "turbulent_viscosity": 0.02861798351376769
                },
                "MSE_normalized_surfacic": {
                    "pressure": 0.008781626853551213
                },
                "MAPE_normalized": {
                    "x-velocity": 0.23535119740284544,
                    "y-velocity": 0.17397767012401485,
                    "pressure": 0.165990814219197,
                    "turbulent_viscosity": 0.43160989540100914
                },
                "MAPE_normalized_surfacic": {
                    "pressure": 0.24832149427530473
                }
            },
            "Physics": {
                "spearman_correlation_drag": 0.8187369684242107,
                "spearman_correlation_lift": 0.9983799594989875,
                "mean_relative_drag": 0.23041081909925168,
                "std_relative_drag": 0.2891833638823285,
                "mean_relative_lift": 0.0611844697009299,
                "std_relative_lift": 0.15944521815240825
            }
        }
    },
    "fc_metrics_test_ood": {
        "test_ood": {
            "ML": {
                "MSE_normalized": {
                    "x-velocity": 0.009187407726621506,
                    "y-velocity": 0.0027280858877766494,
                    "pressure": 0.016331825251314956,
                    "turbulent_viscosity": 0.049333853470072006
                },
                "MSE_normalized_surfacic": {
                    "pressure": 0.06845324941442453
                },
                "MAPE_normalized": {
                    "x-velocity": 0.4080580649129622,
                    "y-velocity": 0.210093600068407,
                    "pressure": 0.25951081418011784,
                    "turbulent_viscosity": 0.46848256950820355
                },
                "MAPE_normalized_surfacic": {
                    "pressure": 0.32298146380673
                }
            },
            "Physics": {
                "spearman_correlation_drag": 0.7894712360182601,
                "spearman_correlation_lift": 0.9971664788339026,
                "mean_relative_drag": 0.3940285291162256,
                "std_relative_drag": 0.46237913032263045,
                "mean_relative_lift": 0.08437221869348716,
                "std_relative_lift": 0.2164953143653425
            }
        }
    }
}